[
  {
    "value": "Yes",
    "synonyms": [
      "yes",
      "yeah",
      "of course",
      "probably",
      "mostly",
      "usually",
      "yep",
      "generally"
    ]
  },
  {
    "value": "No",
    "synonyms": [
      "no",
      "nope",
      "not really",
      "rarely",
      "don\u0027t think so",
      "hardly"
    ]
  },
  {
    "value": "unknown",
    "synonyms": [
      "maybe",
      "sometimes",
      "somewhat",
      "unknown",
      "not sure",
      "don\u0027t know",
      "occasionally",
      "I think so"
    ]
  }
]