[
  {
    "id": "3afe2e91-c50f-411c-a9ec-6ccfe445d028",
    "data": [
      {
        "text": "somewhat",
        "meta": "@response",
        "alias": "response",
        "userDefined": true
      }
    ],
    "isTemplate": false,
    "count": 0,
    "lang": "en",
    "updated": 0
  },
  {
    "id": "6288f16e-944d-430f-9e7b-29ff30518019",
    "data": [
      {
        "text": "i ",
        "userDefined": false
      },
      {
        "text": "don\u0027t know",
        "meta": "@response",
        "alias": "response",
        "userDefined": true
      }
    ],
    "isTemplate": false,
    "count": 0,
    "lang": "en",
    "updated": 0
  },
  {
    "id": "83bede14-945a-449f-8c7c-1f9589c460fb",
    "data": [
      {
        "text": "Yep",
        "meta": "@response",
        "alias": "response",
        "userDefined": true
      }
    ],
    "isTemplate": false,
    "count": 0,
    "lang": "en",
    "updated": 0
  },
  {
    "id": "935cd167-1953-4c7b-970b-e2d4f631f866",
    "data": [
      {
        "text": "Yes",
        "meta": "@response",
        "alias": "response",
        "userDefined": true
      }
    ],
    "isTemplate": false,
    "count": 1,
    "lang": "en",
    "updated": 0
  },
  {
    "id": "570ae59f-1bc9-4781-bcd9-e31a8c49d529",
    "data": [
      {
        "text": "no",
        "meta": "@response",
        "alias": "response",
        "userDefined": true
      }
    ],
    "isTemplate": false,
    "count": 2,
    "lang": "en",
    "updated": 0
  },
  {
    "id": "915035d3-8b27-433c-8374-af59fe0dd8c3",
    "data": [
      {
        "text": "unknown",
        "meta": "@response",
        "alias": "response",
        "userDefined": true
      }
    ],
    "isTemplate": false,
    "count": 1,
    "lang": "en",
    "updated": 0
  }
]