[
  {
    "id": "357dc356-38c0-45ed-8326-997431e6ec3b",
    "data": [
      {
        "text": "stoP",
        "meta": "@Interrupt",
        "alias": "interrupt",
        "userDefined": true
      }
    ],
    "isTemplate": false,
    "count": 4,
    "lang": "en",
    "updated": 0
  },
  {
    "id": "b6601985-5378-4f45-ba97-e095f42c86e8",
    "data": [
      {
        "text": "abdominal pain",
        "meta": "@sys.any",
        "alias": "symptom",
        "userDefined": true
      }
    ],
    "isTemplate": false,
    "count": 0,
    "lang": "en",
    "updated": 0
  },
  {
    "id": "6fbb2c15-e2c3-4891-8a21-e599ff2df39f",
    "data": [
      {
        "text": "headache",
        "meta": "@sys.any",
        "alias": "symptom",
        "userDefined": true
      },
      {
        "text": ", ",
        "userDefined": false
      },
      {
        "text": "back pain",
        "meta": "@sys.any",
        "alias": "symptom",
        "userDefined": true
      }
    ],
    "isTemplate": false,
    "count": 0,
    "lang": "en",
    "updated": 0
  },
  {
    "id": "629a186a-20bd-4d6c-8d61-f3024b0e0228",
    "data": [
      {
        "text": "I have ",
        "userDefined": false
      },
      {
        "text": "fever",
        "meta": "@sys.any",
        "alias": "symptom",
        "userDefined": true
      },
      {
        "text": " and ",
        "userDefined": false
      },
      {
        "text": "headache",
        "meta": "@sys.any",
        "alias": "symptom",
        "userDefined": true
      }
    ],
    "isTemplate": false,
    "count": 0,
    "lang": "en",
    "updated": 0
  }
]