[
  {
    "id": "e4e2f7e0-5a39-4081-8739-50b34b17b5ee",
    "data": [
      {
        "text": "okay",
        "meta": "@sys.any",
        "alias": "exit",
        "userDefined": true
      },
      {
        "text": " ",
        "userDefined": false
      },
      {
        "text": "thank you",
        "meta": "@sys.any",
        "alias": "exit",
        "userDefined": true
      }
    ],
    "isTemplate": false,
    "count": 0,
    "lang": "en",
    "updated": 0
  },
  {
    "id": "4a6578a3-e8a7-4d41-9d75-d84793afbb27",
    "data": [
      {
        "text": "okay",
        "meta": "@sys.any",
        "alias": "exit",
        "userDefined": true
      }
    ],
    "isTemplate": false,
    "count": 0,
    "lang": "en",
    "updated": 0
  },
  {
    "id": "317917a8-e92a-4a40-ad30-6be3240af45a",
    "data": [
      {
        "text": "Done",
        "meta": "@sys.any",
        "alias": "exit",
        "userDefined": true
      }
    ],
    "isTemplate": false,
    "count": 0,
    "lang": "en",
    "updated": 0
  },
  {
    "id": "2447af45-bc6f-4017-b6de-73dc6a4b055f",
    "data": [
      {
        "text": "Thank you",
        "meta": "@sys.any",
        "alias": "exit",
        "userDefined": true
      }
    ],
    "isTemplate": false,
    "count": 2,
    "lang": "en",
    "updated": 0
  },
  {
    "id": "f50ea08f-93f3-415c-9d13-0e107a8d3047",
    "data": [
      {
        "text": "Exit",
        "meta": "@sys.any",
        "alias": "exit",
        "userDefined": true
      }
    ],
    "isTemplate": false,
    "count": 0,
    "lang": "en",
    "updated": 0
  },
  {
    "id": "7cf5560b-77a4-4f91-bb67-3761607b834d",
    "data": [
      {
        "text": "Bye",
        "meta": "@sys.any",
        "alias": "exit",
        "userDefined": true
      }
    ],
    "isTemplate": false,
    "count": 0,
    "lang": "en",
    "updated": 0
  }
]